product_id,position_msk,position_spb,position_nvsb,position_hab,position_ekb,position_kaz,position_kras,delivery_efficiency_wh_avg_pos,discount,product_rating,seller_rating,price,quantity,proceeds,orders
3679914,,,,,169.0,,,0,57.5,0,0,1120.4,6,670728,595
3774438,,,155.0,,,,,0,56.67,0,0,1128.7,450,308184,274
3865968,,,,,177.0,,,0,55.9,0,0,1153.07,451,166472,146
4051515,87.0,67.0,42.0,89.0,48.0,83.0,82.0,0,72.17,0,0,990.53,2365,3431751,3440
4311249,,,182.0,,,,,0,57.8,0,0,1106.3,169,21996,19
4311250,,,139.0,,191.0,,,0,56.9,0,0,1129.93,527,214271,188
4537426,,,137.0,,,,,0,55.27,0,0,971.57,1367,515034,534
6194440,,,151.0,,,,,0,56.43,0,0,1139.87,439,178961,158
6219000,,,169.0,,,,,0,59.03,0,0,1069.0,79,171466,157
6877513,,,191.0,,,,,0,56.1,0,0,1152.9,433,70520,61
6887892,77.0,96.0,38.0,71.0,41.0,66.0,70.0,0,46.53,0,0,1355.2,3726,1528182,1144
7250480,29.0,24.0,17.0,27.0,44.0,31.0,28.0,0,55.23,0,0,920.1,1881,1619873,1771
7265631,,,153.0,,,,,0,56.7,0,0,1133.87,777,491321,434
7410258,,,173.0,,,,,0,60.43,0,0,1038.23,583,45865,44
7460943,,,112.0,,,,,0,55.87,0,0,1151.77,488,305340,268
7785103,,,167.0,,,,,0,55.9,0,0,1152.67,303,115104,100
8271650,,,146.0,,,,,0,55.8,0,0,1153.47,357,172425,148
8271651,,,157.0,,,,,0,55.9,0,0,1153.17,343,191983,165
8271654,,,190.0,,,,,0,58.7,0,0,1080.37,270,243705,226
10321374,,,174.0,,,,,0,55.8,0,0,1156.3,113,71836,61
10321375,,,140.0,,,,,0,56.37,0,0,1138.3,399,250255,218
10845175,25.0,20.0,44.0,23.0,27.0,22.0,24.0,0,56.5,0,0,898.13,1137,2455205,2740
10901739,,,194.0,,,,,0,54.13,0,0,1002.63,122,105170,104
10901747,,,172.0,,,,,0,55.67,0,0,967.8,662,174899,180
10901748,,,178.0,,,,,0,56.5,0,0,951.83,815,504388,529
12466789,,,,,165.0,,,0,62.13,0,0,1051.03,2667,772238,752
13064544,78.0,56.0,39.0,74.0,43.0,67.0,71.0,0,60.73,0,0,1091.3,4085,1923726,1776
15689755,,,175.0,,,,,0,65.7,0,0,1003.57,277,584347,594
16638428,,,154.0,,,,,0,56.23,0,0,1144.33,634,468620,406
17528769,,,195.0,,,,,0,56.73,0,0,886.57,825,578002,645
18782165,,,126.0,,,,,0,54.27,0,0,1352.47,349,611225,459
19323286,18.0,50.0,87.0,40.0,51.0,36.0,42.0,0,90.63,0,0,986.67,694,1382632,1402
25653025,,,158.0,,,,,0,54.53,0,0,1189.6,291,141447,120
32750734,68.0,,128.0,,,,,0,61.17,0,0,1095.5,2200,1621240,1485
34248591,,,118.0,,,,,0,53.63,0,0,810.4,1511,2318668,2883
35497578,,,156.0,,,,,0,54.47,0,0,714.17,3901,4353978,6142
54666393,,,188.0,,,,,0,55.8,0,0,1298.33,594,253826,193
60626556,,,152.0,,,,,0,56.03,0,0,1296.6,371,187566,144
64214453,89.0,69.0,,77.0,,138.0,81.0,0,55.23,0,0,1957.4,1782,2661170,1348
72825361,98.0,123.0,,90.0,,153.0,90.0,0,57.6,0,0,1864.37,479,2224411,1193
77425391,48.0,57.0,77.0,47.0,28.0,39.0,45.0,0,58.87,0,0,952.07,14496,5087613,5481
85803581,21.0,18.0,35.0,20.0,18.0,19.0,20.0,0,75.87,0,0,1626.87,1512,2023177,1234
88613904,,196.0,,,,,,0,20.87,0,0,1307.5,7942,188306,141
99801908,,,117.0,,160.0,,,0,62.0,0,0,1159.3,4686,568293,498
110273446,7.0,9.0,13.0,6.0,9.0,9.0,7.0,0,55.2,0,0,859.4,329,182036,224
111171848,153.0,198.0,58.0,148.0,77.0,124.0,140.0,0,31.47,0,0,988.97,2066,306366,310
112973493,,145.0,,,,174.0,198.0,0,51.5,0,0,679.77,978,284233,414
113163067,8.0,6.0,9.0,,7.0,7.0,13.0,0,56.83,0,0,792.07,981,73289,107
113290841,180.0,115.0,70.0,170.0,,,168.0,0,54.83,0,0,949.0,2567,8773712,9359
113375948,,187.0,,,,,,0,53.37,0,0,922.1,3347,357745,382
113377229,,,141.0,,196.0,,,0,52.87,0,0,937.37,2801,386654,411
114526548,,147.0,,,,176.0,197.0,0,54.53,0,0,936.3,2602,5744448,6198
114950601,81.0,59.0,,80.0,103.0,71.0,74.0,0,20.97,0,0,1463.2,188,312701,220
116676542,121.0,151.0,,110.0,150.0,101.0,108.0,0,52.33,0,0,727.1,3835,3357931,4757
124807252,,,,,,198.0,,0,70.24,0,0,864.55,2223,258553,324
131607842,69.0,84.0,31.0,69.0,38.0,78.0,65.0,0,49.77,0,0,934.0,169,810148,870
141390405,169.0,,65.0,145.0,197.0,139.0,158.0,0,57.8,0,0,1861.1,1457,1269179,676
146243073,,,125.0,,,,,0,41.23,0,0,634.73,787,181519,285
146249522,,,,,,200.0,,0,43.13,0,0,612.97,814,339862,557
146931113,80.0,61.0,,76.0,192.0,130.0,75.0,0,56.63,0,0,1900.07,751,2820012,1480
147010993,6.0,8.0,8.0,5.0,6.0,6.0,6.0,0,57.7,0,0,931.43,1266,332180,374
147547768,150.0,192.0,56.0,146.0,,,139.0,0,56.87,0,0,1376.33,68,140555,101
155791343,,,193.0,,,,,0,54.83,0,0,1232.9,417,193380,158
155948900,,,181.0,,,,,0,51.73,0,0,992.13,443,387188,407
158638111,10.0,13.0,21.0,,17.0,14.0,8.0,0,65.47,0,0,656.77,382,234927,394
158640285,12.0,14.0,19.0,9.0,14.0,12.0,10.0,0,70.37,0,0,569.67,348,350956,817
162417009,1.0,1.0,1.0,1.0,1.0,1.0,1.0,0,23.53,0,0,822.13,2769,3869511,4849
162422264,83.0,62.0,142.0,82.0,47.0,74.0,77.0,0,19.3,0,0,694.27,4149,532277,807
164400122,,,91.0,,126.0,,,0,73.6,0,0,1154.87,87,45269,40
164679629,184.0,,,173.0,94.0,165.0,173.0,0,55.37,0,0,626.3,705,339431,543
166624641,115.0,172.0,,,143.0,95.0,104.0,0,53.57,0,0,972.03,35,3872,4
167584225,24.0,19.0,15.0,21.0,20.0,21.0,23.0,0,61.17,0,0,857.0,3057,671667,760
171612187,148.0,184.0,55.0,139.0,76.0,120.0,138.0,0,28.8,0,0,1377.0,359,938812,683
174225349,91.0,109.0,149.0,81.0,49.0,77.0,83.0,0,66.57,0,0,1567.37,1680,1888895,1211
175414040,,,147.0,,,,,0,57.07,0,0,1122.73,305,288302,258
176030361,173.0,,,165.0,,144.0,162.0,0,73.77,0,0,765.9,2189,377308,504
176854224,,,180.0,,,,,0,57.87,0,0,1105.17,727,161241,146
177307207,,,,,199.0,,,0,50.53,0,0,692.27,988,93541,137
177376064,188.0,121.0,,175.0,,151.0,176.0,0,52.13,0,0,671.8,816,145175,218
177964403,198.0,,,185.0,,162.0,183.0,0,58.77,0,0,2288.47,399,718515,317
182235080,134.0,91.0,,135.0,66.0,,126.0,0,29.13,0,0,1304.97,4307,5739314,4323
185225150,,,148.0,,,,,0,55.4,0,0,626.53,393,80081,128
186185276,,,,,170.0,,,0,41.8,0,0,647.5,5753,2686642,4222
186780300,,,,,180.0,,,0,57.13,0,0,1184.13,95,220216,183
190165456,,,161.0,,,,,0,51.93,0,0,1301.03,479,42658,33
208337828,,,171.0,,,,,0,55.1,0,0,1180.67,285,530897,452
212183022,82.0,101.0,143.0,84.0,46.0,72.0,76.0,0,24.8,0,0,1816.17,93,594995,318
212185533,84.0,104.0,,87.0,112.0,75.0,79.0,0,22.47,0,0,1861.07,239,388759,206
214564467,,,,186.0,,,,0,38.13,0,0,1383.57,1134,1189937,862
216330641,,,131.0,,,,,0,65.1,0,0,1177.1,809,986513,869
216903323,,,168.0,,,,,0,56.83,0,0,1274.03,526,369865,289
216914713,,,,,178.0,,,0,58.23,0,0,1227.2,477,213730,175
216917139,,,144.0,,,,,0,56.5,0,0,1278.9,453,666152,515
219112779,,,124.0,,,,,0,74.7,0,0,1017.03,59,1090,1
219275376,,,,,,181.0,,0,61.5,0,0,1364.77,408,926462,676
219371183,136.0,166.0,,134.0,157.0,114.0,130.0,0,68.4,0,0,1097.1,5641,1495523,1386
221503639,60.0,45.0,113.0,61.0,75.0,51.0,54.0,0,53.73,0,0,889.43,3166,1702224,2041
221519608,,,150.0,,,,,0,54.13,0,0,800.9,2175,4095046,5183
221519619,196.0,134.0,,190.0,101.0,160.0,182.0,0,54.3,0,0,1157.8,3387,12602587,11037
222832500,127.0,173.0,,129.0,,,122.0,0,19.4,0,0,1804.5,64,707672,392
223951952,131.0,90.0,,130.0,65.0,123.0,123.0,0,19.23,0,0,1395.67,1442,1533523,1105
223951967,45.0,51.0,106.0,43.0,71.0,38.0,43.0,0,17.07,0,0,1326.57,1259,3009884,2273
224396068,,179.0,,,127.0,,,0,41.0,0,0,1324.17,1664,399139,308
226527745,,,82.0,,115.0,,,0,55.23,0,0,1683.47,1935,13205332,7989
228245350,,,198.0,,,,,0,58.17,0,0,2022.97,1673,1632177,791
229248751,,,196.0,,,,,0,57.6,0,0,1111.83,793,193450,176
232450042,129.0,88.0,,116.0,64.0,109.0,119.0,0,50.1,0,0,1617.97,76,46510,29
232450045,135.0,92.0,,123.0,68.0,112.0,124.0,0,50.47,0,0,1604.8,69,31819,20
234220716,,,78.0,197.0,,194.0,194.0,0,73.9,0,0,760.57,1676,476309,638
235427315,72.0,49.0,34.0,62.0,40.0,61.0,66.0,0,59.9,0,0,1024.83,2913,2473114,2474
236838015,,,,192.0,,,,0,57.03,0,0,1647.83,131,10526,7
240683794,,,,180.0,,180.0,196.0,0,62.93,0,0,2182.1,3404,2541003,1230
240755433,,128.0,,97.0,136.0,91.0,,0,24.73,0,0,2832.37,74,154847,56
241401608,,,,196.0,122.0,,,0,50.07,0,0,1427.5,1404,1295219,920
241570116,11.0,10.0,16.0,8.0,10.0,10.0,9.0,0,21.33,0,0,2169.37,3341,2449115,1155
241812916,,,,179.0,,,,0,61.43,0,0,1477.03,40,15448,11
242594619,,,,,156.0,,,0,55.07,0,0,1221.37,297,227680,216
242983607,,,,,179.0,,,0,53.43,0,0,1324.47,70,47569,37
245808837,138.0,165.0,,118.0,69.0,116.0,127.0,0,56.97,0,0,1082.13,6025,5810552,5374
246981900,193.0,,,188.0,100.0,158.0,181.0,0,19.2,0,0,1425.63,1186,1620722,1140
248790360,181.0,116.0,,157.0,,149.0,167.0,0,89.23,0,0,1584.23,1370,836948,542
249460598,,,179.0,,,,,0,57.3,0,0,2346.87,337,802493,345
250075187,,143.0,,182.0,106.0,172.0,191.0,0,57.3,0,0,1885.43,650,872871,465
259587585,,,,187.0,104.0,,188.0,0,65.2,0,0,769.33,632,308544,401
262764494,,,,,,,,0,0.0,0,0,0.0,0,0,0
263008232,191.0,,,162.0,,,,0,47.83,0,0,773.65,131,0,0
263242413,,,100.0,,,,,0,46.87,0,0,1174.97,72,175890,153
268571497,,,176.0,,,,,0,58.03,0,0,1237.3,372,263762,215
269918998,197.0,,,168.0,,161.0,,0,57.37,0,0,1878.33,208,1261935,671
275191766,120.0,153.0,,117.0,200.0,107.0,109.0,0,24.83,0,0,1405.47,804,1620453,1157
277126053,,,159.0,,,,,0,56.83,0,0,951.67,3842,4736766,4990
293955290,194.0,133.0,,183.0,99.0,184.0,179.0,0,56.2,0,0,1369.93,1822,1158426,847
296027737,,154.0,,,,,,0,44.83,0,0,1349.1,442,750555,543
303309562,140.0,180.0,,126.0,,,131.0,0,27.61,0,0,3979.68,69,49879,14
316053487,,,116.0,,,,,0,61.2,0,0,823.07,367,357881,430
323103240,,,122.0,,,,,0,57.8,0,0,1181.93,993,1547060,1318
323180742,163.0,106.0,63.0,151.0,,,152.0,0,54.43,0,0,858.57,7541,17840113,21257
323186193,19.0,17.0,11.0,15.0,15.0,26.0,18.0,0,53.1,0,0,844.0,3194,6451228,7743
325740431,,,,,,188.0,,0,65.93,0,0,1006.36,2245,197077,219
327113828,,,127.0,,171.0,,,0,55.37,0,0,1166.67,723,1368385,1183
332559654,119.0,142.0,,93.0,,169.0,,0,53.5,0,0,3066.93,46,0,0
332646308,96.0,125.0,,94.0,129.0,84.0,89.0,0,54.13,0,0,1164.43,964,2043032,1789
332646311,,,134.0,,184.0,,,0,53.43,0,0,1017.47,347,1385864,1411
334633369,,,,,163.0,,,0,77.07,0,0,1050.47,575,40353,39
338104423,55.0,73.0,25.0,54.0,67.0,45.0,50.0,0,61.5,0,0,815.3,1811,571624,697
339025061,,,123.0,,,,,0,79.5,0,0,1545.4,2569,1195070,763
339025064,,,,,148.0,,,0,79.47,0,0,1555.57,3058,2625821,1682
339067534,,,200.0,,,,,0,75.0,0,0,1494.9,6190,1279856,861
340065851,200.0,,76.0,194.0,,,187.0,0,79.9,0,0,1499.57,2332,1720893,1141
340065853,,195.0,101.0,,,,,0,80.0,0,0,1496.13,2754,2062527,1364
341353809,183.0,117.0,72.0,171.0,91.0,,171.0,0,53.6,0,0,1072.0,1140,4294661,4095
342813357,186.0,,,167.0,,168.0,175.0,0,76.4,0,0,1428.6,92,62489,44
343133933,111.0,77.0,,107.0,134.0,105.0,102.0,0,76.4,0,0,1435.73,199,96954,68
345086710,145.0,177.0,,115.0,,,133.0,0,73.67,0,0,2814.47,961,290846,109
349684658,59.0,58.0,163.0,45.0,108.0,70.0,44.0,0,62.03,0,0,809.77,104,288629,355
364286490,5.0,5.0,6.0,,4.0,4.0,5.0,0,60.0,0,0,846.5,158,242707,287
365198598,,,119.0,,162.0,,,0,63.07,0,0,941.47,221,75976,88
365198600,,,105.0,,151.0,,,0,61.87,0,0,973.5,254,40339,44
371985297,,,,,187.0,,,0,26.4,0,0,2456.93,185,280360,114
373851108,,158.0,,,,189.0,,0,32.77,0,0,1302.73,159,656875,516
375974977,,,,,149.0,,,0,67.6,0,0,1132.5,1381,680992,603
386480357,182.0,,,166.0,,150.0,170.0,0,29.03,0,0,2886.37,159,381969,135
391933841,101.0,132.0,,100.0,,159.0,94.0,0,20.33,0,0,1929.63,88,85614,44
391933842,116.0,78.0,,113.0,147.0,98.0,106.0,0,20.47,0,0,1929.37,114,53887,28
391933844,108.0,138.0,47.0,105.0,139.0,93.0,99.0,0,20.7,0,0,1930.93,59,147389,77
391933845,112.0,140.0,,108.0,142.0,96.0,103.0,0,20.37,0,0,1929.37,130,25040,13
391933846,105.0,137.0,,103.0,138.0,90.0,98.0,0,20.37,0,0,1929.47,98,55797,29
391933848,97.0,74.0,,95.0,130.0,85.0,91.0,0,20.77,0,0,1931.83,53,141682,73
391933849,102.0,75.0,,101.0,133.0,87.0,95.0,0,20.37,0,0,1929.2,86,107868,57
391933850,93.0,118.0,,91.0,121.0,80.0,88.0,0,22.43,0,0,1886.73,112,26457,14
393921661,,,,,172.0,,,0,56.07,0,0,1239.6,741,1318000,1062
399135487,,183.0,,,128.0,,,0,79.47,0,0,1339.87,242,35575,27
401732659,187.0,,,176.0,,152.0,,0,15.03,0,0,1140.53,50,468147,419
402658022,,194.0,,,,,,0,53.07,0,0,1198.2,636,976891,811
403395399,,188.0,96.0,,,,,0,72.67,0,0,1480.63,510,621878,424
409960880,,,110.0,144.0,,,,0,25.17,0,0,2327.23,13,0,0
416092221,,,164.0,,,,,0,76.6,0,0,1546.37,280,524858,360
421883778,,,,,,197.0,,0,76.97,0,0,1395.73,1673,196715,159
421883779,,164.0,86.0,,119.0,193.0,,0,76.33,0,0,1433.1,1615,433055,354
439997992,95.0,193.0,,,,,189.0,0,21.0,0,0,1938.6,31,6054,3
439997993,146.0,,,,,,,0,21.1,0,0,1931.63,36,17736,9
439997994,143.0,,,,,,,0,19.0,0,0,1985.33,32,2094,1
439997995,113.0,181.0,,,,163.0,,0,19.43,0,0,1975.97,31,8216,4
439997996,,,,,,,116.0,0,19.53,0,0,1973.73,32,3014,2
439997997,,,,,,,117.0,0,18.93,0,0,1982.97,31,8258,4
439997999,152.0,,,111.0,,,,0,22.97,0,0,1889.07,31,3656,2
439998000,,,,,,,84.0,0,21.57,0,0,1918.4,37,10104,5
439998001,144.0,,,,,,,0,22.67,0,0,1894.8,33,4071,2
443788199,4.0,4.0,7.0,4.0,5.0,5.0,4.0,0,61.27,0,0,820.33,975,190680,237
445908126,,,85.0,191.0,,,,0,46.13,0,0,926.77,656,81298,89
448545325,126.0,,,,,196.0,,0,19.4,0,0,1984.43,59,0,0
448599953,178.0,,,,,,,0,19.38,0,0,1701.24,61,20744,14
448976428,,,,200.0,,192.0,,0,69.64,0,0,1038.0,275,38855,38
449097733,65.0,82.0,30.0,65.0,152.0,102.0,60.0,0,63.47,0,0,1303.59,963,210678,165
449216593,31.0,34.0,49.0,26.0,24.0,28.0,30.0,0,54.75,0,0,856.0,735,23625,22
449216594,20.0,27.0,32.0,16.0,16.0,18.0,19.0,0,54.75,0,0,856.0,740,19254,19
453406749,52.0,68.0,81.0,50.0,29.0,103.0,47.0,0,46.4,0,0,2258.2,56,34948,15
453959198,71.0,99.0,130.0,55.0,84.0,60.0,63.0,0,71.0,0,0,698.0,258,11677,17
456963001,114.0,126.0,,68.0,167.0,171.0,67.0,0,70.55,0,0,793.91,39258,0,0
460239965,151.0,189.0,,122.0,,,136.0,0,53.86,0,0,1938.14,97,0,0
460239966,167.0,,,,,,149.0,0,54.07,0,0,1930.64,101,2023,1
460290511,190.0,,,,95.0,166.0,172.0,0,61.64,0,0,1924.5,13000,7724,5
